{"cameraMode":{"drawMode":0,"name":"Shaded","section":"Shading Mode"},"sceneLighting":false,"audioPlay":false,"sceneViewState":{"showFog":true,"showMaterialUpdate":false,"showSkybox":true,"showFlares":true,"showImageEffects":true,"showParticleSystems":true},"in2DMode":false,"pivot":{"x":-0.17865723371505738,"y":0.7888429164886475,"z":0.02657778561115265},"rotation":{"x":-0.15986476838588715,"y":0.7954714894294739,"z":-0.2382466197013855,"w":-0.5337668061256409},"size":3.262413263320923,"orthographic":false}