{"cameraMode":{"drawMode":0,"name":"Shaded","section":"Shading Mode"},"sceneLighting":false,"audioPlay":false,"sceneViewState":{"showFog":true,"showMaterialUpdate":false,"showSkybox":true,"showFlares":true,"showImageEffects":true,"showParticleSystems":true},"in2DMode":false,"pivot":{"x":-0.04445989429950714,"y":1.3608367443084717,"z":-0.08330433070659638},"rotation":{"x":-0.15986476838588715,"y":0.7954714894294739,"z":-0.2382466197013855,"w":-0.5337668061256409},"size":2.8925743103027345,"orthographic":false}