{"cameraMode":{"drawMode":0,"name":"Shaded","section":"Shading Mode"},"sceneLighting":false,"audioPlay":false,"sceneViewState":{"showFog":true,"showMaterialUpdate":false,"showSkybox":true,"showFlares":true,"showImageEffects":true,"showParticleSystems":true},"in2DMode":false,"pivot":{"x":522.3628540039063,"y":171.1982879638672,"z":-121.82044219970703},"rotation":{"x":-0.14734114706516267,"y":-0.1764300912618637,"z":0.02672070637345314,"w":-0.9728561639785767},"size":994.665283203125,"orthographic":false}