{"cameraMode":{"drawMode":0,"name":"Shaded","section":"Shading Mode"},"sceneLighting":false,"audioPlay":false,"sceneViewState":{"showFog":true,"showMaterialUpdate":false,"showSkybox":true,"showFlares":true,"showImageEffects":true,"showParticleSystems":true},"in2DMode":false,"pivot":{"x":0.06811758130788803,"y":0.9964385628700256,"z":0.2975858747959137},"rotation":{"x":-0.15986476838588715,"y":0.7954714894294739,"z":-0.2382466197013855,"w":-0.5337668061256409},"size":2.6960361003875734,"orthographic":false}