{"cameraMode":{"drawMode":0,"name":"Shaded","section":"Shading Mode"},"sceneLighting":false,"audioPlay":false,"sceneViewState":{"showFog":true,"showMaterialUpdate":false,"showSkybox":true,"showFlares":true,"showImageEffects":true,"showParticleSystems":true},"in2DMode":false,"pivot":{"x":250.0,"y":35.70000076293945,"z":230.41000366210938},"rotation":{"x":-0.0689331591129303,"y":0.8925662040710449,"z":-0.1461578905582428,"w":-0.42096519470214846},"size":3.777026653289795,"orthographic":false}