{"cameraMode":{"drawMode":0,"name":"Shaded","section":"Shading Mode"},"sceneLighting":false,"audioPlay":false,"sceneViewState":{"showFog":true,"showMaterialUpdate":false,"showSkybox":true,"showFlares":true,"showImageEffects":true,"showParticleSystems":true},"in2DMode":false,"pivot":{"x":-0.15230262279510499,"y":0.643570065498352,"z":-0.06569334864616394},"rotation":{"x":-0.15986476838588715,"y":0.7954714894294739,"z":-0.2382466197013855,"w":-0.5337668061256409},"size":1.807840347290039,"orthographic":false}